{
  "range_km": {
    "n_estimators": 932,
    "max_depth": 8,
    "learning_rate": 0.024780897728712722,
    "subsample": 0.6007517500837968,
    "colsample_bytree": 0.994373858677548,
    "min_child_weight": 7,
    "reg_alpha": 1.472396953951957,
    "reg_lambda": 0.12864725565457777,
    "gamma": 0.09146016363196706,
    "tree_method": "hist",
    "enable_categorical": true,
    "random_state": 42
  },
  "energy_margin_raw_pct": {
    "n_estimators": 1047,
    "max_depth": 7,
    "learning_rate": 0.04508964041815619,
    "subsample": 0.6213605719563082,
    "colsample_bytree": 0.9825795780907848,
    "min_child_weight": 6,
    "reg_alpha": 1.502854665864346,
    "reg_lambda": 0.0689854683932055,
    "gamma": 0.8764790247306622,
    "tree_method": "hist",
    "enable_categorical": true,
    "random_state": 42
  },
  "slope_capability_deg": {
    "n_estimators": 1321,
    "max_depth": 6,
    "learning_rate": 0.032901890028283726,
    "subsample": 0.614999675718175,
    "colsample_bytree": 0.740045843271518,
    "min_child_weight": 4,
    "reg_alpha": 0.18848426367282575,
    "reg_lambda": 0.8810537766887083,
    "gamma": 0.20085909936457055,
    "tree_method": "hist",
    "enable_categorical": true,
    "random_state": 42
  },
  "total_mass_kg": {
    "n_estimators": 1347,
    "max_depth": 3,
    "learning_rate": 0.05256105769909933,
    "subsample": 0.7264564461587933,
    "colsample_bytree": 0.8391899236068983,
    "min_child_weight": 6,
    "reg_alpha": 0.014261271296337509,
    "reg_lambda": 0.0689854683932055,
    "gamma": 0.0362750694298703,
    "tree_method": "hist",
    "enable_categorical": true,
    "random_state": 42
  },
  "motor_torque_ok": {
    "n_estimators": 429,
    "max_depth": 4,
    "learning_rate": 0.03805818581270537,
    "subsample": 0.9859563407240175,
    "colsample_bytree": 0.8548945222247962,
    "min_child_weight": 3,
    "reg_alpha": 1.8036085105045714,
    "reg_lambda": 0.010106912234462565,
    "gamma": 0.08711596622111531,
    "tree_method": "hist",
    "enable_categorical": true,
    "random_state": 42
  }
}