{
  "range_km": {
    "n_estimators": 1064,
    "max_depth": 8,
    "learning_rate": 0.024780897728712722,
    "subsample": 0.6007517500837968,
    "colsample_bytree": 0.994373858677548,
    "min_child_weight": 7,
    "reg_alpha": 1.472396953951957,
    "reg_lambda": 0.12864725565457777,
    "gamma": 0.09146016363196706,
    "tree_method": "hist",
    "enable_categorical": true,
    "random_state": 42
  },
  "energy_margin_raw_pct": {
    "n_estimators": 1084,
    "max_depth": 7,
    "learning_rate": 0.03625216186983031,
    "subsample": 0.7006088225006014,
    "colsample_bytree": 0.8807346971597249,
    "min_child_weight": 8,
    "reg_alpha": 0.16405674907029952,
    "reg_lambda": 0.004767888795794931,
    "gamma": 3.0584231228044856,
    "tree_method": "hist",
    "enable_categorical": true,
    "random_state": 42
  },
  "slope_capability_deg": {
    "n_estimators": 1456,
    "max_depth": 7,
    "learning_rate": 0.023662641128950918,
    "subsample": 0.6050785532559382,
    "colsample_bytree": 0.8374709757162002,
    "min_child_weight": 7,
    "reg_alpha": 0.3240199726509764,
    "reg_lambda": 0.15055494946272555,
    "gamma": 0.015536082439507623,
    "tree_method": "hist",
    "enable_categorical": true,
    "random_state": 42
  },
  "total_mass_kg": {
    "n_estimators": 1409,
    "max_depth": 3,
    "learning_rate": 0.027793380768579862,
    "subsample": 0.6824217649464737,
    "colsample_bytree": 0.7435154007825739,
    "min_child_weight": 9,
    "reg_alpha": 0.33633729388778794,
    "reg_lambda": 0.019773826134953595,
    "gamma": 1.0806933625556505,
    "tree_method": "hist",
    "enable_categorical": true,
    "random_state": 42
  },
  "motor_torque_ok": {
    "n_estimators": 108,
    "max_depth": 9,
    "learning_rate": 0.06658580135575984,
    "subsample": 0.8647615827504165,
    "colsample_bytree": 0.839284202267856,
    "min_child_weight": 3,
    "reg_alpha": 0.021505220048357355,
    "reg_lambda": 0.9753806147117967,
    "gamma": 0.06811364380696916,
    "tree_method": "hist",
    "enable_categorical": true,
    "random_state": 42
  }
}